Prueba de laboratorio,Código,Precio - Prevenii,Precio - Market,Essential_M,Essential_W,Performance_M,Performance_W,Core_M,Core_W,Advance_Man,Advance_Woman,Add_Horm_M,Add_Horm_W,Add_Endocrino,Add_Cardio,Add_Infla,Add_Immunity,Add_Digest,Add_Ox_Cell,Add_Anti_Ox,Add_IV,Add_Cancer_M,Add_Cancer_W,Add_BioAge_M,Add_BioAge_W,Add_Metals,Add_Gut_Gate,Add_Coagulation,Add_Bone,Add_Genome
Hemograma completo,H0000,"4,02 €","6,28 €",✅,✅,✅,✅,✅,✅,✅,✅,❌,❌,❌,❌,❌,❌,❌,❌,❌,❌,❌,❌,❌,❌,❌,❌,❌,❌,❌
Hemoglobina A1c,H1420,"8,20 €","11,16 €",✅,✅,✅,✅,✅,✅,✅,✅,❌,❌,❌,❌,❌,❌,❌,❌,❌,❌,❌,❌,❌,❌,❌,❌,❌,❌,❌
Glucosa en ayunas,B0000,"1,16 €","2,09 €",✅,✅,✅,✅,✅,✅,✅,✅,❌,❌,❌,❌,❌,❌,❌,❌,❌,❌,❌,❌,❌,❌,❌,❌,❌,❌,❌
Albúmina,B0200,"1,50 €","9,30 €",✅,✅,✅,✅,✅,✅,✅,✅,❌,❌,❌,❌,❌,❌,❌,❌,❌,❌,❌,❌,❌,❌,❌,❌,❌,❌,❌
Insulina basal,B5600,"7,22 €","16,28 €",✅,✅,✅,✅,✅,✅,✅,✅,❌,❌,❌,❌,❌,❌,❌,❌,❌,❌,❌,❌,❌,❌,❌,❌,❌,❌,❌
HOMA-R,B6510,"0,00 €","0,00 €",✅,✅,✅,✅,✅,✅,✅,✅,❌,❌,❌,❌,❌,❌,❌,❌,❌,❌,❌,❌,❌,❌,❌,❌,❌,❌,❌
BUN (Urea),B0020,"1,30 €","2,09 €",✅,✅,✅,✅,✅,✅,✅,✅,❌,❌,❌,❌,❌,❌,❌,❌,❌,❌,❌,❌,❌,❌,❌,❌,❌,❌,❌
Creatinina,B0030,"0,98 €","2,09 €",✅,✅,✅,✅,✅,✅,✅,✅,❌,❌,❌,❌,❌,❌,❌,❌,❌,❌,❌,❌,❌,❌,❌,❌,❌,❌,❌
Ácido úrico,B0250,"1,58 €","2,33 €",✅,✅,✅,✅,✅,✅,✅,✅,❌,❌,❌,❌,❌,❌,❌,❌,❌,❌,❌,❌,❌,❌,❌,❌,❌,❌,❌
eGFR,B1540,"0,00 €","0,00 €",✅,✅,✅,✅,✅,✅,✅,✅,❌,❌,❌,❌,❌,❌,❌,❌,❌,❌,❌,❌,❌,❌,❌,❌,❌,❌,❌
"Ionograma (Na⁺, K⁺, Cl⁻)",B1260,"6,50 €","8,14 €",✅,✅,✅,✅,✅,✅,✅,✅,❌,❌,❌,❌,❌,❌,❌,❌,❌,❌,❌,❌,❌,❌,❌,❌,❌,❌,❌
Fosfatasa alcalina (ALP),B1970,"1,20 €","2,09 €",✅,✅,✅,✅,✅,✅,✅,✅,❌,❌,❌,❌,❌,❌,❌,❌,❌,❌,❌,❌,❌,❌,❌,❌,❌,❌,❌
GPT-ALT,B0050,"1,16 €","2,56 €",✅,✅,✅,✅,✅,✅,✅,✅,❌,❌,❌,❌,❌,❌,❌,❌,❌,❌,❌,❌,❌,❌,❌,❌,❌,❌,❌
GOT-AST,B0060,"1,12 €","2,56 €",✅,✅,✅,✅,✅,✅,✅,✅,❌,❌,❌,❌,❌,❌,❌,❌,❌,❌,❌,❌,❌,❌,❌,❌,❌,❌,❌
Bilirrubina total,B0080,"1,30 €","3,49 €",✅,✅,✅,✅,✅,✅,✅,✅,❌,❌,❌,❌,❌,❌,❌,❌,❌,❌,❌,❌,❌,❌,❌,❌,❌,❌,❌
GGT,B0070,"1,30 €","2,56 €",✅,✅,✅,✅,✅,✅,✅,✅,❌,❌,❌,❌,❌,❌,❌,❌,❌,❌,❌,❌,❌,❌,❌,❌,❌,❌,❌
Colesterol total,B0010,"1,16 €","1,16 €",✅,✅,✅,✅,✅,✅,✅,✅,❌,❌,❌,❌,❌,❌,❌,❌,❌,❌,❌,❌,❌,❌,❌,❌,❌,❌,❌
Triglicéridos,B0040,"1,80 €","2,17 €",✅,✅,✅,✅,✅,✅,✅,✅,❌,❌,❌,❌,❌,❌,❌,❌,❌,❌,❌,❌,❌,❌,❌,❌,❌,❌,❌
HDL-C,B0170,"3,72 €","16,74 €",✅,✅,✅,✅,✅,✅,✅,✅,❌,❌,❌,❌,❌,❌,❌,❌,❌,❌,❌,❌,❌,❌,❌,❌,❌,❌,❌
LDL-C,B0180,"0,00 €","0,00 €",✅,✅,✅,✅,✅,✅,✅,✅,❌,❌,❌,❌,❌,❌,❌,❌,❌,❌,❌,❌,❌,❌,❌,❌,❌,❌,❌
ApoB,B3110,"5,10 €","5,97 €",✅,✅,✅,✅,✅,✅,✅,✅,❌,❌,❌,❌,❌,❌,❌,❌,❌,❌,❌,❌,❌,❌,❌,❌,❌,❌,❌
PTH intacta (PTHi),B5850,"15,12 €","32,55 €",✅,✅,✅,✅,✅,✅,✅,✅,❌,❌,❌,❌,❌,❌,❌,❌,❌,❌,❌,❌,❌,❌,❌,❌,❌,❌,❌
PCR (hsCRP),B3170,"5,37 €","20,93 €",✅,✅,✅,✅,✅,✅,✅,✅,❌,❌,❌,❌,❌,❌,❌,❌,❌,❌,❌,❌,❌,❌,❌,❌,❌,❌,❌
Fósforo,B0120,"1,53 €","3,49 €",✅,✅,✅,✅,✅,✅,✅,✅,❌,❌,❌,❌,❌,❌,❌,❌,❌,❌,❌,❌,❌,❌,❌,❌,❌,❌,❌
Calcio total,B0100,"1,95 €","2,56 €",✅,✅,✅,✅,✅,✅,✅,✅,❌,❌,❌,❌,❌,❌,❌,❌,❌,❌,❌,❌,❌,❌,❌,❌,❌,❌,❌
Magnesio,B1600,"5,26 €","6,20 €",✅,✅,✅,✅,✅,✅,✅,✅,❌,❌,❌,❌,❌,❌,❌,❌,❌,❌,❌,❌,❌,❌,❌,❌,❌,❌,❌
Ferritina,B5370,"7,14 €","10,00 €",✅,✅,✅,✅,✅,✅,✅,✅,❌,❌,❌,❌,❌,❌,❌,❌,❌,❌,❌,❌,❌,❌,❌,❌,❌,❌,❌
Calcidiol (Vit D [25-OH]),B6180,"25,58 €","34,88 €",✅,✅,✅,✅,✅,✅,✅,✅,❌,❌,❌,❌,❌,❌,❌,❌,❌,❌,❌,❌,❌,❌,❌,❌,❌,❌,❌
Cortisol,B5120,"10,89 €","16,28 €",✅,✅,✅,✅,✅,✅,✅,✅,❌,❌,❌,❌,❌,❌,❌,❌,❌,❌,❌,❌,❌,❌,❌,❌,❌,❌,❌
Hierro,B0130,"2,60 €","3,49 €",✅,✅,✅,✅,✅,✅,✅,✅,❌,❌,❌,❌,❌,❌,❌,❌,❌,❌,❌,❌,❌,❌,❌,❌,❌,❌,❌
Cobalamina (Vit B12),B6190,"12,26 €","14,65 €",✅,✅,✅,✅,✅,✅,✅,✅,❌,❌,❌,❌,❌,❌,❌,❌,❌,❌,❌,❌,❌,❌,❌,❌,❌,❌,❌
Folato (Vit B9),B5410,"10,23 €","14,65 €",✅,✅,✅,✅,✅,✅,✅,✅,❌,❌,❌,❌,❌,❌,❌,❌,❌,❌,❌,❌,❌,❌,❌,❌,❌,❌,❌
Zinc,B8050,"14,63 €","17,06 €",✅,✅,✅,✅,✅,✅,✅,✅,❌,❌,❌,❌,❌,❌,❌,❌,❌,❌,❌,❌,❌,❌,❌,❌,❌,❌,❌
Homocisteína,B5590,"15,00 €","16,80 €",✅,✅,✅,✅,✅,✅,✅,✅,❌,❌,❌,❌,❌,❌,❌,❌,❌,❌,❌,❌,❌,❌,❌,❌,❌,❌,❌
SHBG,B6020,"16,59 €","18,60 €",✅,✅,✅,✅,✅,✅,✅,✅,❌,❌,❌,❌,❌,❌,❌,❌,❌,❌,❌,❌,❌,❌,❌,❌,❌,❌,❌
Testosterona total,B6160,"12,68 €","18,60 €",✅,❌,✅,❌,✅,❌,✅,❌,❌,✅,❌,❌,❌,❌,❌,❌,❌,❌,❌,❌,❌,❌,❌,❌,❌,❌,❌
Transferrina,B3210,"8,64 €","12,40 €",✅,✅,✅,✅,✅,✅,✅,✅,❌,❌,❌,❌,❌,❌,❌,❌,❌,❌,❌,❌,❌,❌,❌,❌,❌,❌,❌
Proteínas totales,B0240,"1,26 €","2,33 €",✅,✅,✅,✅,✅,✅,✅,✅,❌,❌,❌,❌,❌,❌,❌,❌,❌,❌,❌,❌,❌,❌,❌,❌,❌,❌,❌
ApoA-I,B3100,"5,10 €","5,97 €",✅,✅,✅,✅,✅,✅,✅,✅,❌,❌,❌,❌,❌,❌,❌,❌,❌,❌,❌,❌,❌,❌,❌,❌,❌,❌,❌
Índice saturación transf.,B7260,"6,39 €","9,30 €",✅,✅,✅,✅,✅,✅,✅,✅,❌,❌,❌,❌,❌,❌,❌,❌,❌,❌,❌,❌,❌,❌,❌,❌,❌,❌,❌
DHEA-S,B5290,"8,12 €","25,58 €",✅,✅,✅,✅,✅,✅,✅,✅,❌,❌,❌,❌,❌,❌,❌,❌,❌,❌,❌,❌,❌,❌,❌,❌,❌,❌,❌
TSH,B6130,"7,28 €","11,16 €",✅,✅,✅,✅,✅,✅,✅,✅,❌,❌,❌,❌,❌,❌,❌,❌,❌,❌,❌,❌,❌,❌,❌,❌,❌,❌,❌
T3 libre,B6040,"8,72 €","20,93 €",✅,✅,✅,✅,✅,✅,✅,✅,❌,❌,❌,❌,❌,❌,❌,❌,❌,❌,❌,❌,❌,❌,❌,❌,❌,❌,❌
T4 libre,B6070,"8,72 €","11,16 €",✅,✅,✅,✅,✅,✅,✅,✅,❌,❌,❌,❌,❌,❌,❌,❌,❌,❌,❌,❌,❌,❌,❌,❌,❌,❌,❌
Hormona crecimiento (hgh),B5420,"10,48 €","18,60 €",❌,❌,✅,✅,✅,✅,✅,✅,✅,✅,❌,❌,❌,❌,❌,❌,❌,❌,❌,❌,❌,❌,❌,❌,❌,❌,❌
Estradiol,B5350,"12,48 €","16,28 €",❌,❌,❌,✅,✅,✅,✅,✅,✅,✅,❌,❌,❌,❌,❌,❌,❌,❌,❌,❌,❌,❌,❌,❌,❌,❌,❌
LH,B5800,"7,52 €","18,60 €",❌,❌,❌,✅,✅,✅,✅,✅,✅,✅,❌,❌,❌,❌,❌,❌,❌,❌,❌,❌,❌,❌,❌,❌,❌,❌,❌
FSH,B5380,"7,52 €","18,60 €",❌,❌,❌,✅,✅,✅,✅,✅,✅,✅,❌,❌,❌,❌,❌,❌,❌,❌,❌,✅,❌,❌,❌,❌,❌,❌,❌
Prolactina,B5980,"7,52 €","16,28 €",❌,❌,❌,❌,✅,✅,✅,✅,✅,✅,❌,❌,❌,❌,❌,❌,❌,❌,❌,❌,❌,❌,❌,❌,❌,❌,❌
Testosterona biodisp.,B6480,"0,00 €","0,00 €",❌,❌,❌,❌,✅,❌,✅,❌,✅,❌,❌,❌,❌,❌,❌,❌,❌,❌,❌,❌,❌,❌,❌,❌,❌,❌,❌
Testosterona libre,D0601,"21,28 €","32,55 €",❌,❌,✅,❌,✅,❌,✅,❌,✅,❌,❌,❌,❌,❌,❌,❌,❌,❌,❌,❌,❌,❌,❌,❌,❌,❌,❌
DHT,D0850,"36,06 €","37,87 €",❌,❌,❌,❌,✅,❌,✅,❌,✅,❌,❌,❌,❌,❌,❌,❌,❌,❌,❌,❌,❌,❌,❌,❌,❌,❌,❌
17-OH-Progesterona,D0181,"19,88 €","25,58 €",❌,❌,❌,❌,❌,✅,❌,✅,❌,✅,❌,❌,❌,❌,❌,❌,❌,❌,❌,❌,❌,❌,❌,❌,❌,❌,❌
Estrona,D0780,"39,07 €","43,40 €",❌,❌,❌,❌,❌,✅,❌,✅,❌,✅,❌,❌,❌,❌,❌,❌,❌,❌,❌,❌,❌,❌,❌,❌,❌,❌,❌
Progesterona,B5932,"8,32 €","16,28 €",❌,❌,❌,✅,❌,✅,❌,✅,❌,✅,❌,❌,❌,❌,❌,❌,❌,❌,❌,❌,❌,❌,❌,❌,❌,❌,❌
IGF-1,B6030,"20,38 €","32,55 €",❌,❌,✅,✅,✅,✅,✅,✅,❌,❌,✅,❌,❌,❌,❌,❌,❌,❌,❌,❌,❌,❌,❌,❌,❌,❌,❌
IGFBP-3,B6010,"29,48 €","32,55 €",❌,❌,❌,❌,✅,✅,✅,✅,❌,❌,✅,❌,❌,❌,❌,❌,❌,❌,❌,❌,❌,❌,❌,❌,❌,❌,❌
ACTH,I6740,"11,18 €","32,55 €",❌,❌,❌,❌,✅,✅,✅,✅,❌,❌,✅,❌,❌,❌,❌,❌,❌,❌,❌,❌,❌,❌,❌,❌,❌,❌,❌
LDH,B0110,"1,65 €","6,98 €",❌,❌,✅,✅,✅,✅,✅,✅,❌,❌,❌,✅,❌,❌,❌,❌,❌,❌,✅,✅,❌,❌,❌,❌,❌,❌,❌
Ácido láctico,B0750,"13,28 €","16,28 €",❌,❌,✅,✅,❌,❌,✅,✅,❌,❌,❌,✅,❌,❌,❌,❌,❌,❌,❌,❌,❌,❌,❌,❌,❌,❌,❌
CK-MB,B2120,"27,50 €","38,50 €",❌,❌,✅,✅,❌,❌,✅,✅,❌,❌,❌,✅,❌,❌,❌,❌,❌,❌,❌,❌,❌,❌,❌,❌,❌,❌,❌
CPK total,B0220,"4,18 €","6,98 €",❌,❌,✅,✅,❌,❌,✅,✅,❌,❌,❌,✅,❌,❌,❌,❌,❌,❌,❌,❌,❌,❌,❌,❌,❌,❌,❌
LDL directo,B1900,"12,91 €","14,65 €",❌,❌,✅,✅,✅,✅,✅,✅,❌,❌,❌,✅,❌,❌,❌,❌,❌,❌,❌,❌,❌,❌,❌,❌,❌,❌,❌
VLDL,B0190,"0,00 €","0,00 €",❌,❌,❌,❌,✅,✅,✅,✅,❌,❌,❌,✅,❌,❌,❌,❌,❌,❌,❌,❌,❌,❌,❌,❌,❌,❌,❌
Lp(a) *,B7700,"15,37 €","18,60 €",❌,❌,❌,❌,❌,❌,✅,✅,❌,❌,❌,✅,❌,❌,❌,❌,❌,❌,❌,❌,❌,❌,❌,❌,❌,❌,❌
Cistatina-C,I5047,"12,89 €","16,28 €",❌,❌,❌,❌,✅,✅,✅,✅,❌,❌,❌,✅,❌,❌,❌,❌,❌,❌,❌,❌,❌,❌,❌,❌,❌,❌,❌
IL-6,B7790,"39,06 €","41,02 €",❌,❌,✅,✅,✅,✅,✅,✅,❌,❌,❌,❌,✅,❌,❌,❌,❌,❌,❌,❌,❌,❌,❌,❌,❌,❌,❌
TNF-α,I2081,"60,58 €","84,81 €",❌,❌,✅,✅,✅,✅,✅,✅,❌,❌,❌,❌,✅,❌,❌,❌,❌,❌,❌,❌,❌,❌,❌,❌,❌,❌,❌
VSG,H0020,"1,96 €","2,48 €",❌,❌,❌,❌,✅,✅,✅,✅,❌,❌,❌,❌,✅,❌,❌,❌,❌,❌,❌,❌,❌,❌,❌,❌,❌,❌,❌
Nucleares An (ANA),I0141,"16,23 €","24,80 €",❌,❌,❌,❌,❌,❌,✅,✅,❌,❌,❌,❌,❌,✅,❌,❌,❌,❌,❌,❌,❌,❌,❌,❌,❌,❌,❌
anti-CCP,I5072,"17,61 €","24,65 €",❌,❌,❌,❌,❌,❌,✅,✅,❌,❌,❌,❌,❌,✅,❌,❌,❌,❌,❌,❌,❌,❌,❌,❌,❌,❌,❌
anti-Tg,B6321,"5,85 €","24,80 €",❌,❌,❌,❌,❌,❌,✅,✅,❌,❌,❌,❌,❌,✅,❌,❌,❌,❌,❌,❌,❌,❌,❌,❌,❌,❌,❌
anti-TPO,B6300,"5,85 €","24,80 €",❌,❌,❌,❌,❌,❌,✅,✅,❌,❌,❌,❌,❌,✅,❌,❌,❌,❌,❌,❌,❌,❌,❌,❌,❌,❌,❌
"Helicobacter pylori IgG An,",B7750,"14,75 €","24,80 €",❌,❌,❌,❌,❌,❌,✅,✅,❌,❌,❌,❌,❌,✅,❌,❌,❌,❌,❌,❌,❌,❌,❌,❌,❌,❌,❌
Factor reumatoide,B3130,"6,33 €","10,85 €",❌,❌,❌,❌,❌,❌,✅,✅,❌,❌,❌,❌,❌,✅,❌,❌,❌,❌,❌,❌,❌,❌,❌,❌,❌,❌,❌
Ácidos grasos %,T2590,"51,64 €","72,29 €",❌,❌,❌,❌,✅,✅,✅,✅,❌,❌,❌,❌,❌,❌,✅,❌,❌,❌,❌,❌,❌,❌,❌,❌,❌,❌,❌
Lipasa,B1980,"7,66 €","9,30 €",❌,❌,❌,❌,✅,✅,✅,✅,❌,❌,❌,❌,❌,❌,✅,❌,❌,❌,❌,❌,❌,❌,❌,❌,❌,❌,❌
Amilasa,B0350,"3,58 €","6,98 €",❌,❌,❌,❌,✅,✅,✅,✅,❌,❌,❌,❌,❌,❌,✅,❌,❌,❌,❌,❌,❌,❌,❌,❌,❌,❌,❌
Bilirrubina directa,B0260,"1,42 €","5,81 €",❌,❌,❌,❌,✅,✅,✅,✅,❌,❌,❌,❌,❌,❌,✅,❌,❌,❌,❌,❌,❌,❌,❌,❌,❌,❌,❌
Glutatión reductasa + B2,B7121,"50,00 €","70,00 €",❌,❌,❌,❌,✅,✅,✅,✅,❌,❌,❌,❌,❌,❌,❌,✅,❌,❌,❌,❌,❌,❌,❌,❌,❌,❌,❌
Glutatión peroxidasa,B3015,"72,19 €","101,06 €",❌,❌,❌,❌,✅,✅,✅,✅,❌,❌,❌,❌,❌,❌,❌,✅,❌,❌,❌,❌,❌,❌,❌,❌,❌,❌,❌
G6PD,B3041,"21,86 €","30,61 €",❌,❌,❌,❌,✅,✅,✅,✅,❌,❌,❌,❌,❌,❌,❌,✅,❌,❌,❌,❌,❌,❌,❌,❌,❌,❌,❌
Selenio,T3920,"29,05 €","32,54 €",❌,❌,✅,✅,✅,✅,✅,✅,❌,❌,❌,❌,❌,❌,❌,✅,❌,❌,❌,❌,❌,❌,❌,❌,❌,❌,❌
Retinol (Vit A),T0811,"30,14 €","31,00 €",❌,❌,❌,❌,✅,✅,✅,✅,❌,❌,❌,❌,❌,❌,❌,❌,✅,❌,❌,❌,❌,❌,❌,❌,❌,❌,❌
α-Tocoferol (Vit E),T1191,"29,83 €","31,00 €",❌,❌,✅,✅,✅,✅,✅,✅,❌,❌,❌,❌,❌,❌,❌,❌,✅,❌,❌,❌,❌,❌,❌,❌,❌,❌,❌
γ-Tocoferol,T2841,"27,46 €","31,00 €",❌,❌,❌,❌,❌,❌,✅,✅,❌,❌,❌,❌,❌,❌,❌,❌,✅,❌,❌,❌,❌,❌,❌,❌,❌,❌,❌
β-Caroteno,T1200,"42,61 €","59,66 €",❌,❌,❌,❌,❌,❌,✅,✅,❌,❌,❌,❌,❌,❌,❌,❌,✅,❌,❌,❌,❌,❌,❌,❌,❌,❌,❌
Coenzima Q10,T2830,"37,91 €","54,59 €",❌,❌,✅,✅,✅,✅,✅,✅,❌,❌,❌,❌,❌,❌,❌,❌,✅,❌,❌,❌,❌,❌,❌,❌,❌,❌,❌
Cromo,T0500,"12,19 €","12,40 €",❌,❌,❌,❌,✅,✅,✅,✅,❌,❌,❌,❌,❌,❌,❌,❌,❌,✅,❌,❌,❌,❌,❌,❌,❌,❌,❌
Vit K1,T1720,"73,08 €","74,50 €",❌,❌,❌,❌,❌,❌,✅,✅,❌,❌,❌,❌,❌,❌,❌,❌,❌,✅,❌,❌,❌,❌,❌,❌,❌,❌,❌
Vit C,T1061,"50,25 €","70,35 €",❌,❌,✅,✅,✅,✅,✅,✅,❌,❌,❌,❌,❌,❌,❌,❌,❌,✅,❌,❌,❌,❌,❌,❌,❌,❌,❌
Cobre,B8060,"12,19 €","17,06 €",❌,❌,❌,❌,❌,❌,✅,✅,❌,❌,❌,❌,❌,❌,❌,❌,❌,✅,❌,❌,❌,❌,❌,❌,❌,❌,❌
Osmolalidad sérica,B0270,"8,89 €","9,33 €",❌,❌,❌,❌,❌,❌,✅,✅,❌,❌,❌,❌,❌,❌,❌,❌,❌,✅,❌,❌,❌,❌,❌,❌,❌,❌,❌
Sangre oculta en heces,M0010,"4,62 €","4,65 €",❌,❌,❌,❌,❌,❌,✅,✅,❌,❌,❌,❌,❌,❌,❌,❌,❌,❌,✅,✅,❌,❌,❌,❌,❌,❌,❌
Urianálisis + sedimento,6897,"8,08 €","9,30 €",❌,❌,❌,❌,❌,❌,✅,✅,❌,❌,❌,❌,❌,❌,❌,❌,❌,❌,✅,✅,❌,❌,❌,❌,❌,❌,❌
CEA,B5110,"8,68 €","12,32 €",❌,❌,❌,❌,❌,❌,✅,✅,❌,❌,❌,❌,❌,❌,❌,❌,❌,❌,✅,✅,❌,❌,❌,❌,❌,❌,❌
CA 125,B5080,"15,38 €","16,74 €",❌,❌,❌,❌,❌,❌,✅,✅,❌,❌,❌,❌,❌,❌,❌,❌,❌,❌,✅,✅,❌,❌,❌,❌,❌,❌,❌
CA 15.3,B5090,"15,38 €","27,90 €",❌,❌,❌,❌,❌,❌,✅,✅,❌,❌,❌,❌,❌,❌,❌,❌,❌,❌,✅,✅,❌,❌,❌,❌,❌,❌,❌
CA 19-9,B5100,"15,38 €","16,74 €",❌,❌,❌,❌,❌,❌,✅,✅,❌,❌,❌,❌,❌,❌,❌,❌,❌,❌,✅,✅,❌,❌,❌,❌,❌,❌,❌
Células escamosas Ag (SCC),B8130 ,"22,86 €","32,00 €",❌,❌,❌,❌,❌,❌,✅,✅,❌,❌,❌,❌,❌,❌,❌,❌,❌,❌,✅,✅,❌,❌,❌,❌,❌,❌,❌
Proteina s-100,I5080,"21,78 €","30,49 €",❌,❌,❌,❌,❌,❌,✅,✅,❌,❌,❌,❌,❌,❌,❌,❌,❌,❌,✅,✅,❌,❌,❌,❌,❌,❌,❌
NSE,I5090,"27,73 €","43,40 €",❌,❌,❌,❌,❌,❌,✅,✅,❌,❌,❌,❌,❌,❌,❌,❌,❌,❌,✅,✅,❌,❌,❌,❌,❌,❌,❌
CYFRA 21-1,B8120,"30,47 €","32,55 €",❌,❌,❌,❌,❌,❌,✅,✅,❌,❌,❌,❌,❌,❌,❌,❌,❌,❌,✅,✅,❌,❌,❌,❌,❌,❌,❌
CA 72-4,D1271,"24,22 €","31,00 €",❌,❌,❌,❌,❌,❌,✅,✅,❌,❌,❌,❌,❌,❌,❌,❌,❌,❌,✅,✅,❌,❌,❌,❌,❌,❌,❌
Alfa-feto (AFP),B7900,"7,53 €","16,28 €",❌,❌,❌,❌,❌,❌,✅,✅,❌,❌,❌,❌,❌,❌,❌,❌,❌,❌,✅,✅,❌,❌,❌,❌,❌,❌,❌
Péptido liberador gastrina (ProGRP),B8160,"44,06 €","61,69 €",❌,❌,❌,❌,❌,❌,✅,✅,❌,❌,❌,❌,❌,❌,❌,❌,❌,❌,✅,✅,❌,❌,❌,❌,❌,❌,❌
β-HCG,D1760,"13,26 €","20,93 €",❌,❌,❌,❌,❌,❌,✅,✅,❌,❌,❌,❌,❌,❌,❌,❌,❌,❌,✅,✅,❌,❌,❌,❌,❌,❌,❌
PSA total,B5830,"7,40 €","18,60 €",❌,❌,❌,❌,❌,❌,✅,❌,❌,❌,❌,❌,❌,❌,❌,❌,❌,❌,✅,❌,❌,❌,❌,❌,❌,❌,❌
PSA libre,B5840,"5,56 €","18,60 €",❌,❌,❌,❌,❌,❌,✅,❌,❌,❌,❌,❌,❌,❌,❌,❌,❌,❌,✅,❌,❌,❌,❌,❌,❌,❌,❌
Proteína Epididimal Humana 4 (HE4),B8110 ,"24,83 €","34,76 €",❌,❌,❌,❌,❌,❌,❌,✅,❌,❌,❌,❌,❌,❌,❌,❌,❌,❌,❌,✅,❌,❌,❌,❌,❌,❌,❌
MyEpiAgeing*,OG001,"171,35 €","199,00 €",❌,❌,❌,❌,✅,✅,✅,✅,❌,❌,❌,❌,❌,❌,❌,❌,❌,❌,❌,❌,✅,✅,❌,❌,❌,❌,❌
Longitud telomérica,G1465,"541,75 €","573,00 €",❌,❌,❌,❌,❌,❌,❌,❌,❌,❌,❌,❌,❌,❌,❌,❌,❌,❌,❌,❌,✅,✅,❌,❌,❌,❌,❌
Espermiograma,B3340,"32,81 €","34,10 €",❌,❌,❌,❌,❌,❌,❌,❌,❌,❌,❌,❌,❌,❌,❌,❌,❌,❌,❌,❌,✅,❌,❌,❌,❌,❌,❌
AMH,D1001,"49,50 €","50,80 €",❌,❌,❌,❌,❌,❌,❌,✅,❌,❌,❌,❌,❌,❌,❌,❌,❌,❌,❌,❌,❌,✅,❌,❌,❌,❌,❌
Hg sangre,T0302,"12,19 €","18,60 €",❌,❌,❌,❌,❌,❌,✅,✅,❌,❌,❌,❌,❌,❌,❌,❌,❌,❌,❌,❌,❌,❌,✅,❌,❌,❌,❌
Pb sangre,T0150,"21,88 €","30,63 €",❌,❌,❌,❌,❌,❌,✅,✅,❌,❌,❌,❌,❌,❌,❌,❌,❌,❌,❌,❌,❌,❌,✅,❌,❌,❌,❌
As sangre total,T0960,"28,14 €","42,50 €",❌,❌,❌,❌,❌,❌,✅,✅,❌,❌,❌,❌,❌,❌,❌,❌,❌,❌,❌,❌,❌,❌,✅,❌,❌,❌,❌
Cd sangre,T0480,"12,19 €","18,60 €",❌,❌,❌,❌,❌,❌,✅,✅,❌,❌,❌,❌,❌,❌,❌,❌,❌,❌,❌,❌,❌,❌,✅,❌,❌,❌,❌
Ova & Parasites stool,M1190,"7,16 €","16,28 €",❌,❌,❌,❌,❌,❌,✅,✅,❌,❌,❌,❌,❌,❌,❌,❌,❌,❌,❌,❌,❌,❌,❌,✅,❌,❌,❌
Intolerancia Alimnetaria 200,P3031,"184,00 €","200,00 €",❌,❌,❌,❌,❌,❌,❌,❌,❌,❌,❌,❌,❌,❌,❌,❌,❌,❌,❌,❌,❌,❌,❌,✅,❌,❌,❌
Microbioma*,AB001,"273,90 €","299,00 €",❌,❌,❌,❌,❌,❌,✅,✅,❌,❌,❌,❌,❌,❌,❌,❌,❌,❌,❌,❌,❌,❌,❌,✅,❌,❌,❌
Metaboloma - orina*,AB002,"383,90 €","399,00 €",❌,❌,❌,❌,❌,❌,❌,❌,❌,❌,❌,❌,❌,❌,❌,❌,❌,❌,❌,❌,❌,❌,❌,✅,❌,❌,❌
Fibrinógeno,H0050,"8,75 €","9,77 €",❌,❌,❌,❌,❌,❌,✅,✅,❌,❌,❌,❌,❌,❌,❌,❌,❌,❌,❌,❌,❌,❌,❌,❌,✅,❌,❌
Cefalina-APTT,H0850,"4,66 €","9,77 €",❌,❌,❌,❌,❌,❌,✅,✅,❌,❌,❌,❌,❌,❌,❌,❌,❌,❌,❌,❌,❌,❌,❌,❌,✅,❌,❌
INR (Protrombina),H0860,"4,66 €","9,77 €",❌,❌,❌,❌,❌,❌,✅,✅,❌,❌,❌,❌,❌,❌,❌,❌,❌,❌,❌,❌,❌,❌,❌,❌,✅,❌,❌
"Calcitriol (Vit D [1,25-OH])",D0560,"41,63 €","46,50 €",❌,❌,❌,❌,❌,❌,✅,✅,❌,❌,❌,❌,❌,❌,❌,❌,❌,❌,❌,❌,❌,❌,❌,❌,❌,✅,❌
ALP ósea,D1111,"47,11 €","65,96 €",❌,❌,❌,❌,❌,❌,✅,✅,❌,❌,❌,❌,❌,❌,❌,❌,❌,❌,❌,❌,❌,❌,❌,❌,❌,✅,❌
CTX,I3291,"34,38 €","47,85 €",❌,❌,❌,❌,❌,❌,✅,✅,❌,❌,❌,❌,❌,❌,❌,❌,❌,❌,❌,❌,❌,❌,❌,❌,❌,✅,❌
Calcio iónico,T1572,"15,84 €","18,60 €",❌,❌,❌,❌,❌,❌,✅,✅,❌,❌,❌,❌,❌,❌,❌,❌,❌,❌,❌,❌,❌,❌,❌,❌,❌,✅,❌
MyAgeing (Envejecimiento),OG004,"343,75 €","359,10 €",❌,❌,❌,❌,❌,❌,❌,❌,❌,❌,❌,❌,❌,❌,❌,❌,❌,❌,❌,❌,❌,❌,❌,❌,❌,❌,✅
MyDetox (Detoxificación genética),OG002,"343,75 €","359,10 €",❌,❌,❌,❌,❌,❌,❌,❌,❌,❌,❌,❌,❌,❌,❌,❌,❌,❌,❌,❌,❌,❌,❌,❌,❌,❌,✅
MyDiet (Nutrigenética),OG003,"187,50 €","225,00 €",❌,❌,❌,❌,❌,❌,❌,❌,❌,❌,❌,❌,❌,❌,❌,❌,❌,❌,❌,❌,❌,❌,❌,❌,❌,❌,✅
MySuplements (Genética de suple.),OG006,"200,00 €","261,00 €",❌,❌,❌,❌,❌,❌,❌,❌,❌,❌,❌,❌,❌,❌,❌,❌,❌,❌,❌,❌,❌,❌,❌,❌,❌,❌,✅
MySport (Genética deportiva),OG005,"250,00 €","269,10 €",❌,❌,❌,❌,❌,❌,❌,❌,❌,❌,❌,❌,❌,❌,❌,❌,❌,❌,❌,❌,❌,❌,❌,❌,❌,❌,✅
Full Genom (GWAs),DL001,"383,90 €","399,00 €",❌,❌,❌,❌,❌,❌,❌,❌,❌,❌,❌,❌,❌,❌,❌,❌,❌,❌,❌,❌,❌,❌,❌,❌,❌,❌,❌
Genom Analisis,GT001,"62,50 €","71,25 €",❌,❌,❌,❌,❌,❌,❌,❌,❌,❌,❌,❌,❌,❌,❌,❌,❌,❌,❌,❌,❌,❌,❌,❌,❌,❌,❌
MyPharma (Farmacogenómica),OG007,"343,75 €","287,10 €",❌,❌,❌,❌,❌,❌,❌,❌,❌,❌,❌,❌,❌,❌,❌,❌,❌,❌,❌,❌,❌,❌,❌,❌,❌,❌,❌
,,,,,,,,,,,,,,,,,,,,,,,,,,,,,,
,,,,,,,,,,,,,,,,,,,,,,,,,,,,,,
Tarifa_B2B,,,,"261,37 €","248,69 €","619,70 €","621,58 €","1.123,37 €","1.120,62 €","2.241,99 €","2.300,61 €","102,86 €","125,47 €","61,04 €","87,77 €","101,60 €","66,62 €","64,30 €","173,10 €","210,55 €","156,59 €","274,03 €","293,41 €","745,91 €","762,60 €","74,39 €","848,96 €","18,07 €","138,95 €","1.325,00 €"
Tarifa_PVP,,,,"428,57 €","409,97 €","909,94 €","928,54 €","1.578,11 €","1.574,35 €","3.071,36 €","3.115,96 €","158,77 €","192,20 €","97,65 €","118,25 €","128,30 €","134,70 €","94,38 €","234,21 €","266,90 €","183,64 €","400,16 €","416,32 €","806,10 €","822,80 €","110,33 €","914,28 €","29,30 €","178,91 €","1.473,30 €"
,,,,,,,,,,,,,,,,,,,,,,,,,,,,,,
Tarifa_Labo_Prevenii (C625),,,,"130,71 €","126,62 €","396,95 €","400,14 €","800,14 €","801,67 €","1.654,80 €","1.714,71 €","62,25 €","71,96 €","39,36 €","61,92 €","80,69 €","43,46 €","49,94 €","138,48 €","162,17 €","125,27 €","181,57 €","198,71 €","667,75 €","686,50 €","59,51 €","761,58 €","9,66 €","109,05 €","1.060,00 €"
Tarifa_Labo_CASS (K9),,,,"544,12 €","519,32 €","1.052,90 €","1.077,70 €","1.850,08 €","1.787,19 €","3.387,37 €","3.360,45 €","255,09 €","241,80 €","130,20 €","107,57 €","141,97 €","134,70 €","98,64 €","242,34 €","266,90 €","186,76 €","462,70 €","472,66 €","806,10 €","822,80 €","110,33 €","919,70 €","16,74 €","178,91 €","1.637,00 €"
,,,,,,,,,,,,,,,,,,,,,,,,,,,,,,
Num Biomakers,,,,44,43,57,59,75,74,120,119,7,8,3,8,3,6,4,4,6,5,15,16,0,0,0,0,0,0,0
,,,,,,,,,,,,,,,,,,,,,,,,,,,,,,
,,,,,,,,,,,,,,,,,,,,,,,,,,,,,,
Profit_Prevenii,,,,"130,66 €","122,07 €","222,75 €","221,44 €","323,23 €","318,95 €","587,19 €","585,90 €","40,61 €","53,51 €","21,68 €","25,85 €","20,91 €","23,16 €","14,36 €","34,62 €","48,39 €","31,32 €","92,46 €","94,70 €","78,16 €","76,10 €","14,88 €","87,38 €","8,41 €","29,90 €","265,00 €"
Markup,,,,"7,63 €","10,31 €","879,30 €","877,42 €","375,63 €","378,38 €","27,01 €","-1,61 €","6,14 €","-6,47 €","97,97 €","101,23 €","7,40 €","12,38 €","234,70 €","55,90 €","8,45 €","142,41 €","4,97 €","5,59 €","3,09 €","6,40 €","4,61 €","-189,96 €","6,93 €","0,05 €","-976,00 €"
Precio ,,,,"269,00 €","259,00 €","1.499,00 €","1.499,00 €","1.499,00 €","1.499,00 €","2.269,00 €","2.299,00 €","109,00 €","119,00 €","159,00 €","189,00 €","109,00 €","79,00 €","299,00 €","229,00 €","219,00 €","299,00 €","279,00 €","299,00 €","749,00 €","769,00 €","79,00 €","659,00 €","25,00 €","139,00 €","349,00 €"